{"cameraMode":{"drawMode":0,"name":"Shaded","section":"Shading Mode"},"sceneLighting":false,"audioPlay":false,"sceneViewState":{"showFog":false,"showMaterialUpdate":false,"showSkybox":false,"showFlares":false,"showImageEffects":false,"showParticleSystems":false,"showVisualEffectGraphs":true,"m_FxEnabled":true},"in2DMode":false,"pivot":{"x":4.929664134979248,"y":-0.05999946594238281,"z":0.001230478286743164},"rotation":{"x":0.12287692725658417,"y":0.18494123220443726,"z":-0.023331621661782266,"w":0.9747787714004517},"size":1.8250184059143067,"orthographic":false}