{"cameraMode":{"drawMode":0,"name":"Shaded","section":"Shading Mode"},"sceneLighting":false,"audioPlay":false,"sceneViewState":{"showFog":false,"showMaterialUpdate":false,"showSkybox":false,"showFlares":false,"showImageEffects":false,"showParticleSystems":false,"showVisualEffectGraphs":true,"m_FxEnabled":true},"in2DMode":false,"pivot":{"x":-0.010336041450500489,"y":-0.05999946594238281,"z":0.001230478286743164},"rotation":{"x":0.20843665301799775,"y":0.14607423543930055,"z":-0.03154769912362099,"w":0.9665783643722534},"size":1.8250181674957276,"orthographic":false}