{"cameraMode":{"drawMode":0,"name":"Shaded","section":"Shading Mode"},"sceneLighting":false,"audioPlay":false,"sceneViewState":{"showFog":false,"showMaterialUpdate":false,"showSkybox":false,"showFlares":false,"showImageEffects":false,"showParticleSystems":false,"showVisualEffectGraphs":true,"m_FxEnabled":true},"in2DMode":false,"pivot":{"x":-0.8363363146781921,"y":1.1682841777801514,"z":1.0266807079315186},"rotation":{"x":0.1198209896683693,"y":0.11292245239019394,"z":-0.013734678737819195,"w":0.9862699508666992},"size":2.1807265281677248,"orthographic":false}