{"cameraMode":{"drawMode":0,"name":"Shaded","section":"Shading Mode"},"sceneLighting":true,"audioPlay":false,"sceneViewState":{"showFog":false,"showMaterialUpdate":false,"showSkybox":false,"showFlares":false,"showImageEffects":false,"showParticleSystems":false,"showVisualEffectGraphs":true,"m_FxEnabled":true},"in2DMode":false,"pivot":{"x":-5.616205215454102,"y":0.3468911647796631,"z":-0.14096975326538087},"rotation":{"x":0.22013650834560395,"y":-0.08911673724651337,"z":0.02018313854932785,"w":0.9711930155754089},"size":1.5990381240844727,"orthographic":false}